{"cameraMode":{"drawMode":0,"name":"Shaded","section":"Shading Mode"},"sceneLighting":false,"audioPlay":false,"sceneViewState":{"showFog":true,"showMaterialUpdate":false,"showSkybox":false,"showFlares":true,"showImageEffects":true,"showParticleSystems":true},"in2DMode":false,"pivot":{"x":-0.04000091552734375,"y":-5.979999542236328,"z":0.0},"rotation":{"x":0.004183399956673384,"y":0.05606842041015625,"z":0.00023634913668502122,"w":-0.9984240531921387},"size":34.766056060791019,"orthographic":false}